[
    {
        "codigo": "005876",
        "color": 1
    },
    {
        "codigo": "005913",
        "color": 1
    },
    {
        "codigo": "005886",
        "color": 1
    },
    {
        "codigo": "005864",
        "color": 1
    },
    {
        "codigo": "005909",
        "color": 1
    },
    {
        "codigo": "005898",
        "color": 1
    },
    {
        "codigo": "005910",
        "color": 1
    },
    {
        "codigo": "005925",
        "color": 1
    },
    {
        "codigo": "005912",
        "color": 1
    },
    {
        "codigo": "005908",
        "color": 0
    },
    {
        "codigo": "005895",
        "color": 1
    },
    {
        "codigo": "005865",
        "color": 0
    },
    {
        "codigo": "005863",
        "color": 1
    },
    {
        "codigo": "005875",
        "color": 1
    },
    {
        "codigo": "005877",
        "color": 2
    },
    {
        "codigo": "005902",
        "color": 2
    },
    {
        "codigo": "005887",
        "color": 2
    },
    {
        "codigo": "005873",
        "color": 2
    },
    {
        "codigo": "005905",
        "color": 2
    },
    {
        "codigo": "005914",
        "color": 2
    },
    {
        "codigo": "005892",
        "color": 2
    },
    {
        "codigo": "005911",
        "color": 2
    },
    {
        "codigo": "005868",
        "color": 2
    },
    {
        "codigo": "005880",
        "color": 2
    },
    {
        "codigo": "005878",
        "color": 2
    },
    {
        "codigo": "005922",
        "color": 2
    },
    {
        "codigo": "005917",
        "color": 2
    },
    {
        "codigo": "005907",
        "color": 3
    },
    {
        "codigo": "005862",
        "color": 3
    },
    {
        "codigo": "005891",
        "color": 3
    },
    {
        "codigo": "005921",
        "color": 3
    },
    {
        "codigo": "005893",
        "color": 3
    },
    {
        "codigo": "005871",
        "color": 3
    },
    {
        "codigo": "005906",
        "color": 3
    },
    {
        "codigo": "005883",
        "color": 0
    },
    {
        "codigo": "005881",
        "color": 3
    },
    {
        "codigo": "005901",
        "color": 3
    },
    {
        "codigo": "005889",
        "color": 3
    },
    {
        "codigo": "005890",
        "color": 3
    },
    {
        "codigo": "005869",
        "color": 3
    },
    {
        "codigo": "005896",
        "color": 3
    },
    {
        "codigo": "005923",
        "color": 4
    },
    {
        "codigo": "005916",
        "color": 4
    },
    {
        "codigo": "005884",
        "color": 4
    },
    {
        "codigo": "005919",
        "color": 4
    },
    {
        "codigo": "005870",
        "color": 4
    },
    {
        "codigo": "005866",
        "color": 4
    },
    {
        "codigo": "005920",
        "color": 4
    },
    {
        "codigo": "005885",
        "color": 0
    },
    {
        "codigo": "005872",
        "color": 4
    },
    {
        "codigo": "005899",
        "color": 4
    },
    {
        "codigo": "005874",
        "color": 4
    },
    {
        "codigo": "005879",
        "color": 4
    },
    {
        "codigo": "005900",
        "color": 4
    },
    {
        "codigo": "005926",
        "color": 5
    },
    {
        "codigo": "005903",
        "color": 5
    },
    {
        "codigo": "005897",
        "color": 5
    },
    {
        "codigo": "005888",
        "color": 5
    },
    {
        "codigo": "005882",
        "color": 5
    },
    {
        "codigo": "005928",
        "color": 5
    },
    {
        "codigo": "005929",
        "color": 5
    },
    {
        "codigo": "005915",
        "color": 5
    },
    {
        "codigo": "005924",
        "color": 5
    },
    {
        "codigo": "005894",
        "color": 5
    },
    {
        "codigo": "005918",
        "color": 5
    },
    {
        "codigo": "005927",
        "color": 5
    },
    {
        "codigo": "005904",
        "color": 5
    }
]